[{"model": "admin.logentry", "pk": 1, "fields": {"action_time": "2024-10-07T08:58:45.719Z", "user": 1, "content_type": 10, "object_id": "1", "object_repr": "megha", "action_flag": 1, "change_message": "[{\"added\": {}}]"}}, {"model": "admin.logentry", "pk": 2, "fields": {"action_time": "2024-10-07T08:59:32.066Z", "user": 1, "content_type": 10, "object_id": "2", "object_repr": "noel", "action_flag": 1, "change_message": "[{\"added\": {}}]"}}, {"model": "admin.logentry", "pk": 3, "fields": {"action_time": "2024-10-07T08:59:52.422Z", "user": 1, "content_type": 10, "object_id": "3", "object_repr": "sabari", "action_flag": 1, "change_message": "[{\"added\": {}}]"}}, {"model": "admin.logentry", "pk": 4, "fields": {"action_time": "2024-10-08T04:36:08.979Z", "user": 1, "content_type": 10, "object_id": "4", "object_repr": "sarath", "action_flag": 1, "change_message": "[{\"added\": {}}]"}}, {"model": "admin.logentry", "pk": 5, "fields": {"action_time": "2024-10-08T04:36:36.177Z", "user": 1, "content_type": 10, "object_id": "5", "object_repr": "akash", "action_flag": 1, "change_message": "[{\"added\": {}}]"}}, {"model": "admin.logentry", "pk": 6, "fields": {"action_time": "2024-10-08T04:36:53.926Z", "user": 1, "content_type": 10, "object_id": "6", "object_repr": "liju", "action_flag": 1, "change_message": "[{\"added\": {}}]"}}, {"model": "admin.logentry", "pk": 7, "fields": {"action_time": "2024-10-08T04:37:15.005Z", "user": 1, "content_type": 10, "object_id": "7", "object_repr": "akshay", "action_flag": 1, "change_message": "[{\"added\": {}}]"}}, {"model": "admin.logentry", "pk": 8, "fields": {"action_time": "2024-10-08T10:18:18.294Z", "user": 1, "content_type": 13, "object_id": "25", "object_repr": "Sports Equipment", "action_flag": 3, "change_message": ""}}, {"model": "admin.logentry", "pk": 9, "fields": {"action_time": "2024-10-08T10:18:18.294Z", "user": 1, "content_type": 13, "object_id": "24", "object_repr": "Home Appliances", "action_flag": 3, "change_message": ""}}, {"model": "admin.logentry", "pk": 10, "fields": {"action_time": "2024-10-08T10:18:52.689Z", "user": 1, "content_type": 13, "object_id": "26", "object_repr": "Home Appliances", "action_flag": 1, "change_message": "[{\"added\": {}}]"}}, {"model": "admin.logentry", "pk": 11, "fields": {"action_time": "2024-10-08T10:20:24.029Z", "user": 1, "content_type": 13, "object_id": "27", "object_repr": "Sports Equipment", "action_flag": 1, "change_message": "[{\"added\": {}}]"}}, {"model": "admin.logentry", "pk": 12, "fields": {"action_time": "2024-10-08T11:00:58.686Z", "user": 1, "content_type": 10, "object_id": "7", "object_repr": "akshay", "action_flag": 2, "change_message": "[{\"changed\": {\"fields\": [\"Country\"]}}]"}}, {"model": "admin.logentry", "pk": 13, "fields": {"action_time": "2024-10-08T11:02:45.772Z", "user": 1, "content_type": 10, "object_id": "7", "object_repr": "akshay", "action_flag": 2, "change_message": "[{\"changed\": {\"fields\": [\"Country\"]}}]"}}, {"model": "admin.logentry", "pk": 14, "fields": {"action_time": "2024-10-08T11:02:55.621Z", "user": 1, "content_type": 10, "object_id": "6", "object_repr": "liju", "action_flag": 2, "change_message": "[{\"changed\": {\"fields\": [\"Country\"]}}]"}}, {"model": "admin.logentry", "pk": 15, "fields": {"action_time": "2024-10-08T12:01:00.491Z", "user": 1, "content_type": 10, "object_id": "5", "object_repr": "akash", "action_flag": 2, "change_message": "[{\"changed\": {\"fields\": [\"Country\"]}}]"}}, {"model": "admin.logentry", "pk": 16, "fields": {"action_time": "2024-10-08T12:02:12.848Z", "user": 1, "content_type": 10, "object_id": "3", "object_repr": "sabari", "action_flag": 2, "change_message": "[{\"changed\": {\"fields\": [\"Country\"]}}]"}}, {"model": "admin.logentry", "pk": 17, "fields": {"action_time": "2024-10-08T12:02:26.147Z", "user": 1, "content_type": 10, "object_id": "2", "object_repr": "noel", "action_flag": 2, "change_message": "[{\"changed\": {\"fields\": [\"Country\"]}}]"}}, {"model": "admin.logentry", "pk": 18, "fields": {"action_time": "2024-10-08T12:02:33.385Z", "user": 1, "content_type": 10, "object_id": "1", "object_repr": "megha", "action_flag": 2, "change_message": "[{\"changed\": {\"fields\": [\"Country\"]}}]"}}, {"model": "admin.logentry", "pk": 19, "fields": {"action_time": "2024-10-08T12:23:33.604Z", "user": 1, "content_type": 10, "object_id": "1", "object_repr": "megha", "action_flag": 2, "change_message": "[{\"changed\": {\"fields\": [\"Country\"]}}]"}}, {"model": "admin.logentry", "pk": 20, "fields": {"action_time": "2024-10-08T12:23:41.858Z", "user": 1, "content_type": 10, "object_id": "2", "object_repr": "noel", "action_flag": 2, "change_message": "[{\"changed\": {\"fields\": [\"Country\"]}}]"}}, {"model": "admin.logentry", "pk": 21, "fields": {"action_time": "2024-10-08T12:23:50.072Z", "user": 1, "content_type": 10, "object_id": "3", "object_repr": "sabari", "action_flag": 2, "change_message": "[{\"changed\": {\"fields\": [\"Country\"]}}]"}}, {"model": "admin.logentry", "pk": 22, "fields": {"action_time": "2024-10-08T12:24:32.848Z", "user": 1, "content_type": 10, "object_id": "5", "object_repr": "akash", "action_flag": 2, "change_message": "[{\"changed\": {\"fields\": [\"Country\"]}}]"}}, {"model": "admin.logentry", "pk": 23, "fields": {"action_time": "2024-10-08T12:24:41.250Z", "user": 1, "content_type": 10, "object_id": "6", "object_repr": "liju", "action_flag": 2, "change_message": "[{\"changed\": {\"fields\": [\"Country\"]}}]"}}, {"model": "admin.logentry", "pk": 24, "fields": {"action_time": "2024-10-09T03:59:48.928Z", "user": 1, "content_type": 9, "object_id": "4", "object_repr": "Order 4 - sarath", "action_flag": 2, "change_message": "[{\"changed\": {\"fields\": [\"Total amount\"]}}]"}}, {"model": "admin.logentry", "pk": 25, "fields": {"action_time": "2024-10-09T04:00:14.130Z", "user": 1, "content_type": 9, "object_id": "5", "object_repr": "Order 5 - akash", "action_flag": 2, "change_message": "[{\"changed\": {\"fields\": [\"Total amount\"]}}]"}}, {"model": "admin.logentry", "pk": 26, "fields": {"action_time": "2024-10-09T04:32:22.993Z", "user": 1, "content_type": 10, "object_id": "9", "object_repr": "neeraj", "action_flag": 1, "change_message": "[{\"added\": {}}]"}}, {"model": "admin.logentry", "pk": 27, "fields": {"action_time": "2024-10-10T03:48:45.429Z", "user": 1, "content_type": 8, "object_id": "10", "object_repr": "Inventory for Cookbook - 0 units", "action_flag": 2, "change_message": "[{\"changed\": {\"fields\": [\"Quantity\"]}}]"}}, {"model": "admin.logentry", "pk": 28, "fields": {"action_time": "2024-10-10T03:49:05.427Z", "user": 1, "content_type": 8, "object_id": "10", "object_repr": "Inventory for Cookbook - 100 units", "action_flag": 2, "change_message": "[{\"changed\": {\"fields\": [\"Quantity\"]}}]"}}, {"model": "auth.permission", "pk": 1, "fields": {"name": "Can add log entry", "content_type": 1, "codename": "add_logentry"}}, {"model": "auth.permission", "pk": 2, "fields": {"name": "Can change log entry", "content_type": 1, "codename": "change_logentry"}}, {"model": "auth.permission", "pk": 3, "fields": {"name": "Can delete log entry", "content_type": 1, "codename": "delete_logentry"}}, {"model": "auth.permission", "pk": 4, "fields": {"name": "Can view log entry", "content_type": 1, "codename": "view_logentry"}}, {"model": "auth.permission", "pk": 5, "fields": {"name": "Can add permission", "content_type": 2, "codename": "add_permission"}}, {"model": "auth.permission", "pk": 6, "fields": {"name": "Can change permission", "content_type": 2, "codename": "change_permission"}}, {"model": "auth.permission", "pk": 7, "fields": {"name": "Can delete permission", "content_type": 2, "codename": "delete_permission"}}, {"model": "auth.permission", "pk": 8, "fields": {"name": "Can view permission", "content_type": 2, "codename": "view_permission"}}, {"model": "auth.permission", "pk": 9, "fields": {"name": "Can add group", "content_type": 3, "codename": "add_group"}}, {"model": "auth.permission", "pk": 10, "fields": {"name": "Can change group", "content_type": 3, "codename": "change_group"}}, {"model": "auth.permission", "pk": 11, "fields": {"name": "Can delete group", "content_type": 3, "codename": "delete_group"}}, {"model": "auth.permission", "pk": 12, "fields": {"name": "Can view group", "content_type": 3, "codename": "view_group"}}, {"model": "auth.permission", "pk": 13, "fields": {"name": "Can add user", "content_type": 4, "codename": "add_user"}}, {"model": "auth.permission", "pk": 14, "fields": {"name": "Can change user", "content_type": 4, "codename": "change_user"}}, {"model": "auth.permission", "pk": 15, "fields": {"name": "Can delete user", "content_type": 4, "codename": "delete_user"}}, {"model": "auth.permission", "pk": 16, "fields": {"name": "Can view user", "content_type": 4, "codename": "view_user"}}, {"model": "auth.permission", "pk": 17, "fields": {"name": "Can add content type", "content_type": 5, "codename": "add_contenttype"}}, {"model": "auth.permission", "pk": 18, "fields": {"name": "Can change content type", "content_type": 5, "codename": "change_contenttype"}}, {"model": "auth.permission", "pk": 19, "fields": {"name": "Can delete content type", "content_type": 5, "codename": "delete_contenttype"}}, {"model": "auth.permission", "pk": 20, "fields": {"name": "Can view content type", "content_type": 5, "codename": "view_contenttype"}}, {"model": "auth.permission", "pk": 21, "fields": {"name": "Can add session", "content_type": 6, "codename": "add_session"}}, {"model": "auth.permission", "pk": 22, "fields": {"name": "Can change session", "content_type": 6, "codename": "change_session"}}, {"model": "auth.permission", "pk": 23, "fields": {"name": "Can delete session", "content_type": 6, "codename": "delete_session"}}, {"model": "auth.permission", "pk": 24, "fields": {"name": "Can view session", "content_type": 6, "codename": "view_session"}}, {"model": "auth.permission", "pk": 25, "fields": {"name": "Can add order item", "content_type": 7, "codename": "add_orderitem"}}, {"model": "auth.permission", "pk": 26, "fields": {"name": "Can change order item", "content_type": 7, "codename": "change_orderitem"}}, {"model": "auth.permission", "pk": 27, "fields": {"name": "Can delete order item", "content_type": 7, "codename": "delete_orderitem"}}, {"model": "auth.permission", "pk": 28, "fields": {"name": "Can view order item", "content_type": 7, "codename": "view_orderitem"}}, {"model": "auth.permission", "pk": 29, "fields": {"name": "Can add inventory", "content_type": 8, "codename": "add_inventory"}}, {"model": "auth.permission", "pk": 30, "fields": {"name": "Can change inventory", "content_type": 8, "codename": "change_inventory"}}, {"model": "auth.permission", "pk": 31, "fields": {"name": "Can delete inventory", "content_type": 8, "codename": "delete_inventory"}}, {"model": "auth.permission", "pk": 32, "fields": {"name": "Can view inventory", "content_type": 8, "codename": "view_inventory"}}, {"model": "auth.permission", "pk": 33, "fields": {"name": "Can add order", "content_type": 9, "codename": "add_order"}}, {"model": "auth.permission", "pk": 34, "fields": {"name": "Can change order", "content_type": 9, "codename": "change_order"}}, {"model": "auth.permission", "pk": 35, "fields": {"name": "Can delete order", "content_type": 9, "codename": "delete_order"}}, {"model": "auth.permission", "pk": 36, "fields": {"name": "Can view order", "content_type": 9, "codename": "view_order"}}, {"model": "auth.permission", "pk": 37, "fields": {"name": "Can add customer", "content_type": 10, "codename": "add_customer"}}, {"model": "auth.permission", "pk": 38, "fields": {"name": "Can change customer", "content_type": 10, "codename": "change_customer"}}, {"model": "auth.permission", "pk": 39, "fields": {"name": "Can delete customer", "content_type": 10, "codename": "delete_customer"}}, {"model": "auth.permission", "pk": 40, "fields": {"name": "Can view customer", "content_type": 10, "codename": "view_customer"}}, {"model": "auth.permission", "pk": 41, "fields": {"name": "Can add product", "content_type": 11, "codename": "add_product"}}, {"model": "auth.permission", "pk": 42, "fields": {"name": "Can change product", "content_type": 11, "codename": "change_product"}}, {"model": "auth.permission", "pk": 43, "fields": {"name": "Can delete product", "content_type": 11, "codename": "delete_product"}}, {"model": "auth.permission", "pk": 44, "fields": {"name": "Can view product", "content_type": 11, "codename": "view_product"}}, {"model": "auth.permission", "pk": 45, "fields": {"name": "Can add tag", "content_type": 12, "codename": "add_tag"}}, {"model": "auth.permission", "pk": 46, "fields": {"name": "Can change tag", "content_type": 12, "codename": "change_tag"}}, {"model": "auth.permission", "pk": 47, "fields": {"name": "Can delete tag", "content_type": 12, "codename": "delete_tag"}}, {"model": "auth.permission", "pk": 48, "fields": {"name": "Can view tag", "content_type": 12, "codename": "view_tag"}}, {"model": "auth.permission", "pk": 49, "fields": {"name": "Can add category", "content_type": 13, "codename": "add_category"}}, {"model": "auth.permission", "pk": 50, "fields": {"name": "Can change category", "content_type": 13, "codename": "change_category"}}, {"model": "auth.permission", "pk": 51, "fields": {"name": "Can delete category", "content_type": 13, "codename": "delete_category"}}, {"model": "auth.permission", "pk": 52, "fields": {"name": "Can view category", "content_type": 13, "codename": "view_category"}}, {"model": "auth.user", "pk": 1, "fields": {"password": "pbkdf2_sha256$870000$NyMQBGkXqsOHA0Wk7GWg7O$Rgyvtn+iR9hjAbNJnQUHiasckGb0n1nFdLBmDoFfVOM=", "last_login": "2024-10-08T03:22:49.457Z", "is_superuser": true, "username": "alphy", "first_name": "", "last_name": "", "email": "alphygeorge@gmail.com", "is_staff": true, "is_active": true, "date_joined": "2024-10-07T08:17:13.288Z", "groups": [], "user_permissions": []}}, {"model": "contenttypes.contenttype", "pk": 1, "fields": {"app_label": "admin", "model": "logentry"}}, {"model": "contenttypes.contenttype", "pk": 2, "fields": {"app_label": "auth", "model": "permission"}}, {"model": "contenttypes.contenttype", "pk": 3, "fields": {"app_label": "auth", "model": "group"}}, {"model": "contenttypes.contenttype", "pk": 4, "fields": {"app_label": "auth", "model": "user"}}, {"model": "contenttypes.contenttype", "pk": 5, "fields": {"app_label": "contenttypes", "model": "contenttype"}}, {"model": "contenttypes.contenttype", "pk": 6, "fields": {"app_label": "sessions", "model": "session"}}, {"model": "contenttypes.contenttype", "pk": 7, "fields": {"app_label": "tasks3", "model": "orderitem"}}, {"model": "contenttypes.contenttype", "pk": 8, "fields": {"app_label": "tasks3", "model": "inventory"}}, {"model": "contenttypes.contenttype", "pk": 9, "fields": {"app_label": "tasks3", "model": "order"}}, {"model": "contenttypes.contenttype", "pk": 10, "fields": {"app_label": "tasks3", "model": "customer"}}, {"model": "contenttypes.contenttype", "pk": 11, "fields": {"app_label": "tasks3", "model": "product"}}, {"model": "contenttypes.contenttype", "pk": 12, "fields": {"app_label": "tasks3", "model": "tag"}}, {"model": "contenttypes.contenttype", "pk": 13, "fields": {"app_label": "tasks3", "model": "category"}}, {"model": "sessions.session", "pk": "rev2m4eyb84jvad7aue2xcstwwcomwvp", "fields": {"session_data": ".eJxVjDsOwyAQRO9CHSH-oJTpcwa0sEtwEoFk7MrK3WNLLhJpqnlvZmMR1qXGddAcJ2RXJtnlt0uQX9QOgE9oj85zb8s8JX4o_KSD3zvS-3a6fwcVRt3XPvuQrEObnQ9FSyOCLEaAQaVAK0vWOIFGeswkIVgbSDrYo5UIVDT7fAHD0TcJ:1sy0oD:QZ5etME8cShGbh3cnDJ9QIX3mIjgN7G7FIlQQ7CBbKo", "expire_date": "2024-10-22T03:22:49.459Z"}}, {"model": "tasks3.product", "pk": 1, "fields": {"name": "iPhone 13", "description": "Latest Apple smartphone", "SKU": "A123", "price": "999.99", "category": 1, "tags": [1, 2]}}, {"model": "tasks3.product", "pk": 2, "fields": {"name": "MacBook Pro", "description": "Powerful Apple laptop", "SKU": "B456", "price": "2499.99", "category": 1, "tags": [1, 3]}}, {"model": "tasks3.product", "pk": 3, "fields": {"name": "T-shirt", "description": "Comfortable cotton T-shirt", "SKU": "C789", "price": "19.99", "category": 2, "tags": [4]}}, {"model": "tasks3.product", "pk": 16, "fields": {"name": "Running Shoes", "description": "Lightweight running shoes", "SKU": "APP456", "price": "79.99", "category": 27, "tags": [6]}}, {"model": "tasks3.product", "pk": 17, "fields": {"name": "Refrigerator", "description": "Energy-efficient refrigerator", "SKU": "HOME123", "price": "499.99", "category": 26, "tags": [7]}}, {"model": "tasks3.product", "pk": 18, "fields": {"name": "Air Conditioner", "description": "Split air conditioner with inverter technology", "SKU": "HOME456", "price": "299.99", "category": 26, "tags": [5]}}, {"model": "tasks3.product", "pk": 19, "fields": {"name": "Basketball", "description": "Official size and weight basketball", "SKU": "SPORTS123", "price": "29.99", "category": 27, "tags": []}}, {"model": "tasks3.product", "pk": 20, "fields": {"name": "Football", "description": "Premium football for outdoor play", "SKU": "SPORTS456", "price": "19.99", "category": 27, "tags": []}}, {"model": "tasks3.product", "pk": 21, "fields": {"name": "Novel", "description": "Best-selling novel by famous author", "SKU": "BOOK123", "price": "15.99", "category": 23, "tags": [8]}}, {"model": "tasks3.product", "pk": 22, "fields": {"name": "Cookbook", "description": "Comprehensive cookbook for beginners", "SKU": "BOOK456", "price": "25.99", "category": 23, "tags": []}}, {"model": "tasks3.category", "pk": 1, "fields": {"name": "Electronics"}}, {"model": "tasks3.category", "pk": 2, "fields": {"name": "Clothing"}}, {"model": "tasks3.category", "pk": 23, "fields": {"name": "Books"}}, {"model": "tasks3.category", "pk": 26, "fields": {"name": "Home Appliances"}}, {"model": "tasks3.category", "pk": 27, "fields": {"name": "Sports Equipment"}}, {"model": "tasks3.tag", "pk": 1, "fields": {"name": "Apple"}}, {"model": "tasks3.tag", "pk": 2, "fields": {"name": "Smartphones"}}, {"model": "tasks3.tag", "pk": 3, "fields": {"name": "Laptops"}}, {"model": "tasks3.tag", "pk": 4, "fields": {"name": "New Arrival"}}, {"model": "tasks3.tag", "pk": 5, "fields": {"name": "Discounted"}}, {"model": "tasks3.tag", "pk": 6, "fields": {"name": "Best Seller"}}, {"model": "tasks3.tag", "pk": 7, "fields": {"name": "Limited Edition"}}, {"model": "tasks3.tag", "pk": 8, "fields": {"name": "Clearance"}}, {"model": "tasks3.customer", "pk": 1, "fields": {"name": "megha", "email": "megha@gmail.com", "country": "USA", "registration_date": "2024-10-07"}}, {"model": "tasks3.customer", "pk": 2, "fields": {"name": "noel", "email": "noel@gmail.com", "country": "USA", "registration_date": "2024-10-07"}}, {"model": "tasks3.customer", "pk": 3, "fields": {"name": "sabari", "email": "sabari@gmail.com", "country": "USA", "registration_date": "2024-10-07"}}, {"model": "tasks3.customer", "pk": 4, "fields": {"name": "sarath", "email": "sarath@gmail.com", "country": "japan", "registration_date": "2024-10-08"}}, {"model": "tasks3.customer", "pk": 5, "fields": {"name": "akash", "email": "akash@gmail.com", "country": "japan", "registration_date": "2024-10-08"}}, {"model": "tasks3.customer", "pk": 6, "fields": {"name": "liju", "email": "liju@gmail.com", "country": "japan", "registration_date": "2024-10-08"}}, {"model": "tasks3.customer", "pk": 7, "fields": {"name": "akshay", "email": "akshay@gmail.com", "country": "USA", "registration_date": "2024-10-08"}}, {"model": "tasks3.customer", "pk": 8, "fields": {"name": "John Doe", "email": "john@example.com", "country": "USA", "registration_date": "2024-10-08"}}, {"model": "tasks3.customer", "pk": 9, "fields": {"name": "neeraj", "email": "neeraj@gmail.com", "country": "japan", "registration_date": "2024-10-09"}}, {"model": "tasks3.order", "pk": 1, "fields": {"customer": 1, "order_date": "2024-10-08", "status": "DELIVERED", "total_amount": "1999.98"}}, {"model": "tasks3.order", "pk": 2, "fields": {"customer": 2, "order_date": "2024-10-08", "status": "PENDING", "total_amount": "2499.99"}}, {"model": "tasks3.order", "pk": 3, "fields": {"customer": 3, "order_date": "2024-10-08", "status": "SHIPPED", "total_amount": "999.99"}}, {"model": "tasks3.order", "pk": 4, "fields": {"customer": 4, "order_date": "2024-10-09", "status": "SHIPPED", "total_amount": "1019.98"}}, {"model": "tasks3.order", "pk": 5, "fields": {"customer": 5, "order_date": "2024-10-09", "status": "PENDING", "total_amount": "2499.99"}}, {"model": "tasks3.order", "pk": 6, "fields": {"customer": 6, "order_date": "2024-10-08", "status": "DELIVERED", "total_amount": "15.99"}}, {"model": "tasks3.order", "pk": 7, "fields": {"customer": 7, "order_date": "2024-10-08", "status": "PENDING", "total_amount": "99.98"}}, {"model": "tasks3.order", "pk": 8, "fields": {"customer": 8, "order_date": "2024-10-08", "status": "DELIVERED", "total_amount": "819.98"}}, {"model": "tasks3.orderitem", "pk": 1, "fields": {"order": 1, "product": 1, "quantity": 2, "price_at_time_of_order": "999.99"}}, {"model": "tasks3.orderitem", "pk": 2, "fields": {"order": 2, "product": 2, "quantity": 1, "price_at_time_of_order": "2499.99"}}, {"model": "tasks3.orderitem", "pk": 3, "fields": {"order": 3, "product": 1, "quantity": 1, "price_at_time_of_order": "999.99"}}, {"model": "tasks3.orderitem", "pk": 4, "fields": {"order": 4, "product": 1, "quantity": 1, "price_at_time_of_order": "999.99"}}, {"model": "tasks3.orderitem", "pk": 5, "fields": {"order": 4, "product": 3, "quantity": 1, "price_at_time_of_order": "19.99"}}, {"model": "tasks3.orderitem", "pk": 6, "fields": {"order": 5, "product": 2, "quantity": 1, "price_at_time_of_order": "2499.99"}}, {"model": "tasks3.orderitem", "pk": 7, "fields": {"order": 6, "product": 21, "quantity": 1, "price_at_time_of_order": "15.99"}}, {"model": "tasks3.orderitem", "pk": 8, "fields": {"order": 7, "product": 16, "quantity": 1, "price_at_time_of_order": "79.99"}}, {"model": "tasks3.orderitem", "pk": 9, "fields": {"order": 7, "product": 19, "quantity": 1, "price_at_time_of_order": "29.99"}}, {"model": "tasks3.orderitem", "pk": 10, "fields": {"order": 8, "product": 17, "quantity": 1, "price_at_time_of_order": "499.99"}}, {"model": "tasks3.orderitem", "pk": 11, "fields": {"order": 8, "product": 18, "quantity": 1, "price_at_time_of_order": "299.99"}}, {"model": "tasks3.inventory", "pk": 1, "fields": {"product": 1, "quantity": 50, "last_restocked_date": "2024-10-10"}}, {"model": "tasks3.inventory", "pk": 2, "fields": {"product": 2, "quantity": 50, "last_restocked_date": "2024-10-08"}}, {"model": "tasks3.inventory", "pk": 3, "fields": {"product": 3, "quantity": 150, "last_restocked_date": "2024-10-08"}}, {"model": "tasks3.inventory", "pk": 4, "fields": {"product": 16, "quantity": 150, "last_restocked_date": "2024-10-08"}}, {"model": "tasks3.inventory", "pk": 5, "fields": {"product": 17, "quantity": 25, "last_restocked_date": "2024-10-08"}}, {"model": "tasks3.inventory", "pk": 6, "fields": {"product": 18, "quantity": 30, "last_restocked_date": "2024-10-09"}}, {"model": "tasks3.inventory", "pk": 7, "fields": {"product": 19, "quantity": 300, "last_restocked_date": "2024-10-08"}}, {"model": "tasks3.inventory", "pk": 8, "fields": {"product": 20, "quantity": 250, "last_restocked_date": "2024-10-08"}}, {"model": "tasks3.inventory", "pk": 9, "fields": {"product": 21, "quantity": 150, "last_restocked_date": "2024-10-07"}}, {"model": "tasks3.inventory", "pk": 10, "fields": {"product": 22, "quantity": 100, "last_restocked_date": "2024-10-10"}}]